{
  "metadata": {
    "source": "Manual Curation + Fuzzy Matching Results",
    "description": "Validated Mapping from Ideal Brand Names to OSM Raw Names"
  },
  "brand_mappings": {
    "Education": {
      "Blue Valley": "Escuela Blue Valley",
      "Country Day": "Country Day School",
      "Lincoln School": "Lincoln School",
      "Saint Mary": "Escuela Saint Mary",
      "Pan-American School": "Pan-American School",
      "Colegio Humboldt": "Colegio Humboldt",
      "British School": "British School of Costa Rica",
      "Liceo Franco Costarricense": "Benemérito Liceo Franco-Costarricense",
      "Colegio SEK": "Colegio Internacional SEK",
      "Saint Clare": "Sistema Educativo Saint Clare",
      "Saint Gregory": "Saint Gregory School",
      "Saint Francis": "Saint Francis College",
      "Colegio Yorkín": "Colegio Yorkin",
      "Colegio Iribó": "Colegio Iribó / Olmos Preschool",
      "Marian Baker School": "Marian Baker School",
      "Anglo American School": "Anglo American School",
      "International Christian School": "International Christian School",
      "Lighthouse International": "Escuela Lighthouse Internacional",
      "Colegio Calasanz": "Colegio Calasanz",
      "Colegio La Salle": "Colegio La Salle",
      "Colegio Metodista": "Colegio Metodista",
      "Universidad de Costa Rica": "Universidad de Costa Rica",
      "Universidad Latina": "Universidad Latina",
      "Universidad Fidélitas": "Universidad Fidélitas",
      "ULACIT": "ULACIT",
      "UACA": "Universidad Autónoma de Centro América",
      "Universidad Hispanoamericana": "Universidad Hispanoamericana",
      "UCIMED": "Universidad de Ciencias Médicas",
      "Universidad VERITAS": "Universidad Veritas",
      "Universidad San Judas Tadeo": "Universidad Federada San Judas Tadeo",
      "Universidad Santa Paula": "Universidad Santa Paula",
      "Texas Tech University": "Texas Tech University",
      "INCAE": "INCAE Business School"
    },
    "Health": {
      "Hospital CIMA": "Hospital CIMA San José",
      "Clínica Bíblica": "Hospital Clínica Bíblica",
      "Hospital La Católica": "Hospital La Católica",
      "Hospital Metropolitano": "Hospital Metropolitano",
      "Clínica Santa Rita": "Clínica Santa Rita",
      "Hospital Unibe": "Hospital Unibe",
      "Farmacia Fischel": "Farmacia Fischel",
      "Farmacia La Bomba": "Farmacia La Bomba",
      "Farmacia Sucre": "Farmacia Sucre"
    },
    "Convenience": {
      "Auto Mercado": "Auto Mercado",
      "Automercado": "Auto Mercado",
      "Fresh Market": "Fresh Market",
      "PriceSmart": "PriceSmart",
      "Vindi": "Vindi",
      "Mas x Menos": "Masxmenos",
      "Saretto": "Saretto",
      "Walmart": "Walmart",
      "Palí": "Palí",
      "Maxi Palí": "Maxi Palí",
      "Perimercados": "Perimercados",
      "Super Compro": "Super Compro",
      "AM PM": "AM PM"
    },
    "Restaurant_Cafe": {
      "Starbucks": "Starbucks",
      "Olive Garden": "Olive Garden",
      "Outback Steakhouse": "Outback Steakhouse",
      "PF Chang's": "PF Changs",
      "Johnny Rockets": "Johnny Rockets",
      "Hooligans": "Hooligans",
      "Applebee's": "Applebee's",
      "TGI Fridays": "TGI Fridays",
      "Cosi": "Cosi",
      "Spoon": "Spoon",
      "Saul Bistro": "Saul Bistro",
      "Bulali": "Bulali",
      "La Waffleria": "La Galeria",
      "Mocapan": "Mocapan",
      "Quiznos": "Quiznos",
      "Subway": "Subway",
      "McDonald's": "McDonald's",
      "Burger King": "Burger King",
      "Taco Bell": "Taco Bell",
      "KFC": "KFC",
      "Papa John's": "Papa John's",
      "Pizza Hut": "Pizza Hut",
      "RostiPollos": "Rostipollos"
    },
    "Sport_Leisure": {
      "MultiSpa": "MultiSpa",
      "Gold's Gym": "Gold's Gym",
      "Indoor Club": "San José Indoor Club",
      "Costa Rica Tennis Club": "Costa Rica Tennis Club",
      "Country Club": "Costa Rica Country Club",
      "Orange Theory": "Orange Theory Fitness",
      "Smart Fit": "Smart Fit",
      "World Gym": "World Gym",
      "Valle del Sol Golf": "Valle Del Sol",
      "Cariari Country Club": "Club Cariari"
    },
    "Shopping": {
      "Multiplaza": "Multiplaza",
      "Momentum Pinares": "Momentum Pinares",
      "Momentum Lindora": "Momentum Lindora",
      "Momentum Escazú": "Momentum Escazú",
      "Avenida Escazú": "Avenida Escazú",
      "Terramall": "Terramall",
      "City Mall": "City Mall",
      "Oxígeno": "Oxígeno",
      "Lincoln Plaza": "Lincoln Plaza",
      "Escazú Village": "Escazú Village",
      "Plaza Tempo": "Plaza Tempo",
      "Plaza Real Alajuela": "Plaza Real Alajuela",
      "Paseo de las Flores": "Paseo de las Flores",
      "Mall San Pedro": "Mall San Pedro",
      "City Place": "City Place"
    }
  }
}